Place,Indoor/Outdoor,Area,Rush Hour,Best weather to visit,Money/Budget,Website,Location
Dubai Indoor Kartdrome,Indoor,Al Barsha,11:00 - 18:00,Anytime,115,https://dubaiautodrome.ae/,https://goo.gl/maps/FcpFbBnGkxgQjkub7?coh=178572&entry=tt
Dubai Dolphinarium,Indoor,Umm Hurair,12:00 - 14:00 and 17:00 - 18:00,November - March,50,https://dubaidolphinarium.ae/,https://goo.gl/maps/b46DKBNStHSxtq3MA?coh=178572&entry=tt
Dubai Frame,Indoor,Al Karama,12:00 - 17:00,Anytime,52.5,https://www.dubaiframe.ae/en/plan-your-visit,https://goo.gl/maps/yrACGyaj3mT22kM66?coh=178572&entry=tt
The Green Planet,Indoor,Al Safa,12:00 - 17:00,Anytime,140,https://thegreenplanetdubai.com/,https://goo.gl/maps/GZdJdvihh9P1cxda7?coh=178572&entry=tt
Dubai Ice Rink ,Indoor,Downtown Dubai,12:00 - 18:00,Anytime,100,https://www.dubaiicerink.com/,https://goo.gl/maps/YJ1aqvsJMFpqqBiD6?coh=178572&entry=tt
Ski Dubai,Indoor,Al Barsha,13:00 - 18:00,Anytime,175,https://www.skidxb.com/en-ae/ski-dubai,https://goo.gl/maps/e7cP4j6vWCjeU2No6?coh=178572&entry=tt
Mohammed bin Rashid Library,Indoor,Umm Hurair,13:00 - 18:00,Anytime,0,https://www.mbrl.ae/,https://goo.gl/maps/kLSfaioiteTrAPvE9?coh=178572&entry=tt
Adventure Park,Indoor,14:00 - 19:00,Anytime,89,https://entertainment.emaar.com/attraction/adventure-park,https://goo.gl/maps/R5v13GoF2VcijUESA?coh=178572&entry=tt
IMG Worlds of Adventure,Indoor,Sheikh Zayed Road,14:00 - 19:00,Anytime,345,https://www.imgworlds.com/language/en/#,https://goo.gl/maps/YYpuHW4oVmjiED2t8?coh=178572&entry=tt
Mall of the Emirates,Indoor,Al Barsha,14:00 - 21:00,Anytime,0,https://www.malloftheemirates.com/en,https://goo.gl/maps/QEfah8zgZ1iLAUgx6?coh=178572&entry=tt
Dubai Hills Mall,Indoor,Al Khail,14:00 - 21:00,Anytime,0,https://www.dubaihillsmall.ae/,https://goo.gl/maps/fiNwYumc68a6bp8P9?coh=178572&entry=tt
City Center Deira,Indoor,Deira,14:00 - 22:00,Anytime,0,https://www.citycentredeira.com/,https://goo.gl/maps/Y9zg1pNhG2q4FeAp9?coh=178572&entry=tt
Dubai Butterfly Garden,Indoor,Al Barsha,15:00 - 17:00,Spring,55,https://www.dubaibutterflygarden.com/,https://goo.gl/maps/WwgAWwUn8mVf4wgJ8?coh=178572&entry=tt
Dubai Aquarium & Underwater Zoo,Indoor,Downtown Dubai,15:00 - 19:00,Anytime,199,https://www.thedubaiaquarium.com/,https://goo.gl/maps/5RoxdUGCtdreyq75A?coh=178572&entry=tt
Al Nasr Leisureland,Indoor,Oud Metha,16:00 - 17:00,Anytime,0,https://www.alnasrll.com/sports.php,https://goo.gl/maps/dkYbT6RY4xt2cMeTA?coh=178572&entry=tt
Museum of The Future,Indoor,Sheikh Zayed Road,16:00 - 18:00,Anytime,149,https://museumofthefuture.ae/en,https://goo.gl/maps/NTpA4xWM4R9L2Qpd8?coh=178572&entry=tt
Dubai Bowling Center,Indoor,Al Quoz,16:00 - 20:00,Anytime,0,https://bowlingdubai.com/,https://goo.gl/maps/d1wqiW6sSEFy5q1E6?coh=178572&entry=tt
Dubai Mall,Indoor,Downtown Dubai,16:00 - 22:00,Anytime,0,https://thedubaimall.com/,https://goo.gl/maps/Wb8Xo3WFcuYYAPtU8?coh=178572&entry=tt
Jameel Arts Centre,Indoor,Jeddaf,17:00 - 19:00,Anytime,0,https://jameelartscentre.org/,https://goo.gl/maps/aJMbMck2m4JAYhYS8?coh=178572&entry=tt
Escape Hunt Dubai,Indoor,Jumeirah,17:00 - 19:00,Anytime,388.5,https://escapehunt.com/ae/dubai/,https://goo.gl/maps/dqQ8jVgiYuZZnVtF8?coh=178572&entry=tt
Burj Khalifa,Indoor,Downtown Dubai,17:00 - 20:00,Anytime,169,https://www.burjkhalifa.ae/en/index.aspx,https://goo.gl/maps/gWMDqf8iJCUvVCTm8?coh=178572&entry=tt
Museum of Illusion,Indoor,Umm Hurair,17:00 - 20:00,Anytime,80,https://museumofillusions.ae/,https://goo.gl/maps/kk1bjAZLxhhoaZHWA?coh=178572&entry=tt
BurJuman,Indoor,Al Fahidi,17:00 - 21:00,Anytime,0,https://www.burjuman.com/,https://goo.gl/maps/zv3vWanLfhfwjafu5?coh=178572&entry=tt
Dubai Festival City Mall,Indoor,Dubai Festival City,17:00 - 22:00,Anytime,0,https://www.dubaifestivalcitymall.com/home,https://goo.gl/maps/47xsrWzJnAa7XshYA?coh=178572&entry=tt
Madame Tussauds Dubai,Indoor,Bluewater Islands,18:00 - 20:00,Anytime,145,https://www.madametussauds.com/dubai/,https://goo.gl/maps/RYbvzHU5nx1MYHTk8?coh=178572&entry=tt
The Dubai Fountain,Indoor,Downtown Dubai,18:00 - 20:00,Anytime,0,https://thedubaimall.com/en/entertain-detail/the-dubai-fountain-1,https://goo.gl/maps/1ehVorkAbNXmdozC7?coh=178572&entry=tt
Dubai Opera,Indoor,Downtown Dubai,19:00 - 20:00,Anytime,100,https://www.dubaiopera.com/,https://goo.gl/maps/zgCVs4nkbC5TCN9t6?coh=178572&entry=tt
Pursuit Games - Paintball Dubai,Indoor,Jebel Ali,none ,Anytime,70,https://www.paintballdubai.com/,https://goo.gl/maps/kmQke563VoV2VxTn9?coh=178572&entry=tt
Burj Al Arab,Indoor,Jumeirah,none ,Anytime,5000,https://www.jumeirah.com/en/stay/dubai/burj-al-arab-jumeirah?utm_source=google&utm_medium=google%20places&utm_campaign=hotel,https://goo.gl/maps/deC2NBXWsmGNTJeN8?coh=178572&entry=tt
Dubai Museum,Indoor,Al Fahidi,none ,Anytime,5,https://www.visitdubai.com/en/places-to-visit/dubai-museum,https://goo.gl/maps/cyNNZuzvihTod2pc6?coh=178572&entry=tt
LegolandÂ® Dubai,Indoor/Outdoor,Sheikh Zayed Road,13:00-16:00,Anytime,295,https://www.legoland.com/dubai/,https://goo.gl/maps/atGAMisfQFGJ2hU89?coh=178572&entry=tt
Al Shindagha Museum,Indoor/Outdoor,Al Fahidi,16:00 - 18:00,Anytime,50,https://alshindagha.dubaiculture.gov.ae/en/Pages/default.aspx,https://goo.gl/maps/53xcdzsNxmJrVERh7?coh=178572&entry=tt
Motiongate Dubai,Indoor/Outdoor,Sheikh Zayed Road,16:00 - 19:00,Anytime,330,https://www.motiongatedubai.com/en,https://goo.gl/maps/xYACYyR5fPPqsHfH9?coh=178572&entry=tt
Expo City Dubai,Indoor/Outdoor,Al Wasl ,18:00 - 20:00,Anytime,0,https://www.expocitydubai.com/en/,https://goo.gl/maps/R3MbUivcs4ch8mm47?coh=178572&entry=tt
Ain Dubai by Dubai Holding,Indoor/Outdoor,Bluewater Islands,18:00 - 20:00,October - March,175,https://aindubai.com/en,https://goo.gl/maps/b7CoDDcYdM4QHQU4A?coh=178572&entry=tt
Safa Park,Outdoor,Jumeirah,08:00 - 15:00,November - December,3,https://www.dm.gov.ae/historic_item/safa-park/,https://goo.gl/maps/2DAZszEYTvRzwJoE6?coh=178572&entry=tt
Aquaventure Waterpark,Outdoor,Palm Jumeirah,11:00 - 15:00,Anytime,236.25,https://www.atlantis.com/dubai/atlantis-aquaventure/aquaventure-waterpark,https://goo.gl/maps/hTFnobcvY8CeaU647?coh=178572&entry=tt
Dubai Gold Souq,Outdoor,Deira,12:00 - 20:00,December - January,0,https://www.visitdubai.com/en/places-to-visit/the-gold-souk,https://goo.gl/maps/84Cqr8py8nZYs23R7?coh=178572&entry=tt
Dubai Safari Park,Outdoor,Al Warqa,13:00 - 15:00,Winter-Spring,50,https://dubaisafari.ae/,https://goo.gl/maps/fw14YCbcSBAmE1uYA?coh=178572&entry=tt
Dubai Miracle Garden,Outdoor,Al Barsha,14:00 - 19:00,November - March,75,https://www.dubaimiraclegarden.com/,https://goo.gl/maps/dzpSWwir9irxDKDx9?coh=178572&entry=tt
La Mer,Outdoor,Jumeirah,14:00 - 19:00,April-October,0,https://www.lamerdubai.ae/en,https://goo.gl/maps/H7JkZeUyFWxSn44f7?coh=178572&entry=tt
Xline Dubai,Outdoor,Downtown Dubai,15:00 - 16:00,Anytime,650,https://www.xdubai.com/en/xline/experience,https://goo.gl/maps/6gd7vWVqKPADkq2c6?coh=178572&entry=tt
Ras Al Khor Wildlife Sanctuary,Outdoor,Umm Hurair,15:00 - 18:00,Anytime,0,https://www.visitdubai.com/en/places-to-visit/ras-al-khor-wildlife-sanctuary,https://goo.gl/maps/WfzUL7fb3XCKqk6p6?coh=178572&entry=tt
Creek Park,Outdoor,Umm Hurair,15:00 - 20:00,November - March,5,https://www.dubai-online.com/sights/dubai-creek-park/,https://goo.gl/maps/HRXwfstCMJV5D4fPA?coh=178572&entry=tt
Al Mamzer Beach,Outdoor,Deira,16:00 - 18:00,September - April,0,https://www.visitdubai.com/en/places-to-visit/al-mamzar-beach-park,https://goo.gl/maps/V8DmUsxna5DsVYXJA?coh=178572&entry=tt
Marina Beach,Outdoor,Dubai Marina,16:00 - 18:00,Summer,0,https://dubaievasion.com/product/marina-beach/,https://goo.gl/maps/Qtv2ytDmnKH88ifQ8?coh=178572&entry=tt
Jumeirah Beach Residence,Outdoor,Dubai Marina,16:00 - 18:00,Winter,0,https://www.visitdubai.com/en/places-to-visit/the-walk-at-jbr,https://goo.gl/maps/2Pb786kdPuLm6f8h8?coh=178572&entry=tt
Jumeirah Beach,Outdoor,Jumeirah,16:00 - 18:00,Summer,0,https://www.jumeirah.com/en,https://goo.gl/maps/RD3kz1geJuy53nQv9?coh=178572&entry=tt
Kite Beach,Outdoor,Jumeirah,16:00 - 18:00,April-October,0,https://www.kitebeach.ae/,https://goo.gl/maps/ktqWF2uPAzE33nQw9?coh=178572&entry=tt
Black Palace Beach,Outdoor,Jumeirah,16:00 - 18:00,April-October,0,https://www.dubaitravelguide.info/black-palace-beach-dubai/,https://goo.gl/maps/dG4gBRoxpkXBXQWf7?coh=178572&entry=tt
Sunset Beach Dubai,Outdoor,Umm Suqeim,16:00 - 18:00,Summer,0,https://www.visitdubai.com/en/places-to-visit/sunset-beach,https://goo.gl/maps/qGefLTFGgd2w5Lfi9?coh=178572&entry=tt
Zabeel Park,Outdoor,Al Karama,17:00 - 19:00,November - March,5,https://www.visitdubai.com/en/places-to-visit/zabeel-park,https://goo.gl/maps/FxvyBVTNTz653GvK6?coh=178572&entry=tt
The Pointe - Palm Jumeirah Fountain Walk (North),Outdoor,Palm Jumeirah,17:00 - 20:00,October - February,0,https://www.thepointe.ae/en,https://goo.gl/maps/FTMPZ6ve3MZcG8Fd8?coh=178572&entry=tt
Skydive Dubai,Outdoor,Downtown Dubai,17:00 - 21:00,Anytime,0,https://www.skydivedubai.ae/,https://goo.gl/maps/NK7LeQVhAsappF8M7?coh=178572&entry=tt
Emirates Golf Club,Outdoor,Sheikh Zayed Road,17:00 - 21:00,October - April,0,https://www.dubaigolf.com/egc/,https://goo.gl/maps/Scie6cT8vqHvZ9L28?coh=178572&entry=tt
Dubai Water Canal,Outdoor,Jumeirah,18:00 - 21:00,September - April,0,https://www.visitdubai.com/en/places-to-visit/dubai-water-canal,https://goo.gl/maps/hgAuaHpLB5ZF4hHX8?coh=178572&entry=tt
Dubai Glow Garden,Outdoor,Al Karama,19:00 - 20:00,November - March,70,https://www.dubaigardenglow.com/,https://goo.gl/maps/cj6hXnxuHsuQaRyt5?coh=178572&entry=tt
City Walk,Outdoor,Al Safa,19:00 - 23:00,November - December,0,https://www.citywalk.ae/en,https://goo.gl/maps/a6oru84KANnDXgrd6?coh=178572&entry=tt
Al Seef,Outdoor,Umm Hurair,20:00 - 22:00,October - April,0,https://alseef.ae/en,https://goo.gl/maps/ub5YsmrHBHZmbpE77?coh=178572&entry=tt
Jumeirah Golf Estates Golf & Country Club,Outdoor,Downtown Dubai,9:00 - 15:00,October - April,0,https://www.jumeirahgolfestates.com/,https://goo.gl/maps/kvY3dG9fyuWoXjnK6?coh=178572&entry=tt
Dubai Marina,Outdoor,Downtown Dubai,none ,April-October,0,https://www.visitdubai.com/en/articles/a-guide-to-dubai-marina,https://goo.gl/maps/KftUb5ApGvvqQ6KUA?coh=178572&entry=tt
Al Qudra Lake,Outdoor,Southern Outskirts of Dubai,none ,September-April,0,https://www.visitdubai.com/en/places-to-visit/al-qudra-lakes,https://goo.gl/maps/RjYtTrpWEMwnshMm9?coh=178572&entry=tt
Wild Wadi Waterpark Dubai,Outdoor,Jumeirah,none ,Anytime,269,https://www.jumeirah.com/en/wild-wadi,https://goo.gl/maps/RgbAF6zMC1S8Su7PA?coh=178572&entry=tt
Global Village,Outdoor,Sheikh Zayed Road,none ,October - April,18,https://www.globalvillage.ae/en/,https://goo.gl/maps/FdxBC8fLcV9qYqQx5?coh=178572&entry=tt
The Galleria Ice Rink - Hyatt Regency Dubai,Indoor,Deira,11:00 - 14:00,Anytime,55,https://www.hyattregencygalleriadubai.com/recreation/,https://goo.gl/maps/SJJYmNRGxN2fq7W17?coh=178572&entry=tt